"String View",
"com_achievement_success_3d"
"com_achv_success_display_time"
"com_adjust_collision_avg_tick"
"com_adjust_collision_tick"
"com_aibalance_enable"
"com_aiDelayTime"
"com_aiMagicDelayTime"
"com_aiSimpleCollisionOnly"
"com_attack_charge_delay"
"com_attack_combo_test"
"com_attack_cyclone_rotation"
"com_attack_cyclone_time"
"com_attack_special_forever"
"com_attack_test"
"com_attacked_camera_impact_damage_max"
"com_attacked_camera_impact_damage_min"
"com_attacked_ui_ratio_damage_max"
"com_auto_lockon"
"com_auto_ready"
"com_auto_ready_check_time"
"com_auto_targeting"
"com_back_collision_boost_delay"
"com_back_collision_boost_speed"
"com_back_collision_jump"
"com_baseFPS"
"com_baseFPSCheckDelay"
"com_baseFPSDown"
"com_baseFPSUp"
"com_bezierInterpolation"
"com_blackbox"
"com_blackbox_time"
"com_block_slipsteam"
"com_breed_test"
"com_buildNumber"
"com_cache_folder"
"com_cache_folder_CaptureImage"
"com_calling_execute_delay"
"com_camera_extra_distance"
"com_camera_lockon_speed"
"com_camera_lookboss_speed"
"com_capture_scene_delay_frame"
"com_captureInfo"
"com_cb_service_close_all"
"com_cb_service_close_delay"
"com_cb_service_force_close_delay"
"com_ceremony_hide_blackpanel_delay"
"com_ceremony_key_input"
"com_ceremony_macro_camera_name"
"com_ceremony_result_scene_delay"
"com_ceremony_self_focus"
"com_collision_velocity_reduce"
"com_configName"
"com_continue_arrow_delay"
"com_course_out_reset_time"
"com_damaged_effect_time"
"com_decelerate_velocity"
"com_default_result_delay"
"com_disable_perfect_jump_count"
"com_disable_ranch_script"
"com_DisableMagicUseAuto"
"com_display_delay_tick"
"com_distanceCull"
"com_editFX"
"com_enable_navimap"
"com_enable_popup_chat"
"com_extrapolation"
"com_extrapolation_height_modify"
"com_extrapolation_velmodify"
"com_falling_scream_incident_delay"
"com_falling_scream_incident_dist"
"com_fastFactor"
"com_fixedResolution"
"com_force_disable_ranch"
"com_force_disable_ranch2"
"com_force_disable_ranch3"
"com_force_goalin_motion"
"com_force_move_dist"
"com_force_npc_velocity"
"com_force_perfect_jump"
"com_force_perfect_start"
"com_force_ranch_horse_look_angle"
"com_force_ranch_horse_look_angle_first"
"com_force_ranch_horse_look_angle_limit"
"com_force_ranch_horse_look_angle_max"
"com_force_ranch_horse_look_angle_random"
"com_force_ranch_horse_lookat"
"com_forceActivateSound"
"com_generate_navimap"
"com_generate_navimap_limit"
"com_getLastModuleFiles"
"com_goalin_motion_stop_idle_delay"
"com_goalin_motion_stopping_delay"
"com_goalin_velocity"
"com_grow_test"
"com_highspeed_camera_height_modifier"
"com_highspeed_camera_modifier"
"com_highspeed_height_to_distance_modifier"
"com_highspeed_max_additional_dist"
"com_highspeed_max_additional_height"
"com_ice"
"com_icewall_mode"
"com_IgnitionBattleMode"
"com_ignore_interpolation_dist"
"com_imageCaptureQuality"
"com_Levelup"
"com_limitMaxFPS"
"com_load_navimap"
"com_logFilter"
"com_logout"
"com_long_sliding_incident_time"
"com_lua_reload_time"
"com_m_frustumCulling"
"com_magic_lightning_shadow"
"com_magic_missile_count"
"com_magic_missile_delay"
"com_magic_self_missile"
"com_magic_self_target"
"com_magic_sound_fade_time"
"com_magic_targeting_dist_value_ratio"
"com_max_interpolation_count"
"com_maxFPS"
"com_maxPermitDeltaPercent"
"com_melee_range"
"com_minFPS"
"com_mission_mode"
"com_mission_no_filter"
"com_mob_horse_count"
"com_mob_skip_action"
"com_monster_camera"
"com_monster_mode"
"com_monster_sound_farclip"
"com_monster_sound_rolloff"
"com_netFPS"
"com_new_ground_check"
"com_new_intro"
"com_obscam_collsion"
"com_obscam_dist_max"
"com_obscam_spd_move"
"com_obscam_spd_recover"
"com_obscam_spd_rot"
"com_obscam_spd_rot_view"
"com_obscam_spd_zoom_recover"
"com_obscam_time_throt"
"com_opti"
"com_opti2"
"com_p2p_send_drop_ratio"
"com_p2p_send_interval_tick"
"com_race_autosp"
"com_race_idle_incident_delay"
"com_race_jumsl"
"com_racing_script"
"com_ranch_camera_collsion"
"com_ranch_camera_speed_horizontal"
"com_ranch_camera_speed_recover"
"com_ranch_camera_speed_zoom"
"com_ranch_camera_speed_zoom_recover"
"com_ranch_horse_call_delay"
"com_ranch_horse_gaze_angle_acc"
"com_ranch_horse_gaze_angle_accmax"
"com_ranch_horse_gaze_angle_accslow"
"com_ranch_other_snapshot_delay_tick"
"com_ranch_reconnect_time"
"com_record_play_with_ghost"
"com_record_renewal_delay"
"com_reloadINI"
"com_replay_end_adjust_tick"
"com_replay_graph"
"com_replay_sync_tick"
"com_reset_interactive"
"com_resetPointLimitDist"
"com_restrict_popup_chat_pos"
"com_resultChat"
"com_running_ceremony"
"com_save_navimap"
"com_screenShotFormat"
"com_screenShotScale"
"com_showDCPF"
"com_showEnvEditor"
"com_showFOV"
"com_showfps 0"
"com_showfps 1"
"com_showFPS"
"com_showFRUSTUM"
"com_showMemory"
"com_showMIP"
"com_showNavigation"
"com_showObstacleOBB"
"com_showResSize"
"com_showSndCount"
"com_showSndOffset"
"com_simple_develop_mode"
"com_single_ranch_create_delay"
"com_skillpreset_delay"
"com_skillpreset_limit"
"com_slowFactor"
"com_snow"
"com_snow_angleMax"
"com_snow_angleMin"
"com_snow_dist"
"com_snow_freq"
"com_snow_fxdir"
"com_snow_velocity"
"com_speeds"
"com_stamina_zero"
"com_sword_trail"
"com_system_content_client_test"
"com_test_aiCeremony_action_delay_max"
"com_test_aiCeremony_action_delay_min"
"com_test_aiotherowner"
"com_test_aiplayer"
"com_test_auto"
"com_test_auto_prepare"
"com_test_broadcasting"
"com_test_broadcasting_tick"
"com_test_carnival_play"
"com_test_client_mission"
"com_test_festival"
"com_test_festival_fail"
"com_test_festival_fail_all"
"com_test_festival_horse_frame"
"com_test_festival_horse_time"
"com_test_festival_me_invited"
"com_test_festival_result"
"com_test_magic_auto"
"com_test_pet"
"com_test_pet_attach"
"com_test_pet_attach_scale"
"com_test_ranch_reset"
"com_test_replay"
"com_test_selshut"
"com_test_shutdown"
"com_test_trigger"
"com_test_trigger_move"
"com_test_vehicle_name"
"com_throw_hit_check_time"
"com_title"
"com_title_camera_move_ratio"
"com_title_camera_zoom_in_dist"
"com_title_camera_zoom_in_speed"
"com_title_camera_zoom_out_speed"
"com_title_logo_time"
"com_title_mode"
"com_title_reshow"
"com_title_rider_side_gap"
"com_title_ui_show_delay_by_camera"
"com_track_validator"
"com_useChangeFrame"
"com_userLogger"
"com_useTrack"
"com_usingFastFactor"
"com_usingSlowFactor"
"com_videoCaptureOpt"
"com_waiting_room_basic_move_speed"
"com_waiting_room_startgame_acc_speed"
"com_waiting_room_startgame_camera_min_dist"
"com_waiting_room_startgame_move_speed"
"com_waiting_room_startgame_zoom_acc"
"com_weapon_change_block_time"
"com_weapon_scythe"
"com_weapon_sword_name"
"com_weather_distance"
