"Location","String View"
"00c495f8","r_batch"
"00c46b58","r_blanktexname"
"00bf435c","r_decreaseConstant"
"00bf4384","r_decreaseConstantRetire"
"00c46dd4","r_defaultExposure"
"00c47484","r_defaultFarClip"
"00c47454","r_defaultNearClip"
"00c4ae30","r_dispCnt"
"00c4ae3c","r_dispCullFrom"
"00c4ade4","r_dispLv0"
"00c4adf0","r_dispLv1"
"00c4adfc","r_dispLv2"
"00c4ae10","r_dispLv3"
"00c4ae24","r_dispLv4"
"00c492a4","r_downSampleLvl"
"00c46eb8","r_exposureUpdateTime"
"00c4742c","r_farClip"
"00c4a65c","r_fontStringBufferSize2"
"00c46178","r_grayTone"
"00c46130","r_hideUI"
"00c49600","r_instancing"
"00c44288","r_ltMipBias"
"00c46e34","r_maxAtomicCount"
"00beb074","r_minIndirect"
"00c49624","r_minWeight4Cull"
"00c49640","r_minWeight4RO"
"00c461f4","r_motionBlur"
"00c46218","r_mrt"
"00c47404","r_nearClip"
"00c4b8fc","r_occlusion"
"00c4b934","r_occlusionCheckDevide"
"00c46c88","r_offCha"
"00c46cd0","r_offEnvironment"
"00c46968","r_offFx"
"00c46c68","r_offGnd"
"00c46c40","r_offObj"
"00c46cac","r_offShadow"
"00c496a0","r_optSort"
"00be6fa8","r_overlayResizeH"
"00be6f7c","r_overlayResizeW"
"00c4d464","r_physiqTest"
"00c496ac","r_preZ"
"00c461d0","r_radialBlur"
"00be599c","r_rvrbDamping"
"00be59c4","r_rvrbDry"
"00be5914","r_rvrbForceApply"
"00be59b0","r_rvrbForceSample"
"00be5984","r_rvrbPredelay"
"00be5950","r_rvrbPreset"
"00be5974","r_rvrbTime"
"00be59d0","r_rvrbWet"
"00c46110","r_screenHeight"
"00c3b1ac","r_screenResolution"
"00c460f0","r_screenWidth"
"00c3b1dc","r_screenWindowMode"
"00c46194","r_sepiaTone"
"00c49668","r_shaderObj"
"00c49558","r_shadowDebug"
"00c49538","r_shadowFilter"
"00c49568","r_shadowSphereRadius"
"00c461b0","r_showInverse"
"00c46164","r_showModulate2x"
"00c46144","r_showWireframe"
"00c46cfc","r_sscOcc"
"00c492d4","r_sunBlendTime"
"00c46ef0","r_sunUpdateTime"
"00c4ada0","r_texMinSize"
"00c4ad94","r_texResize"
"00bf005c","r_thrustLen"
"00bf006c","r_thrustPos"
"00bea950","r_trailFragment"
"00bfa3e8","r_wallAt"
"00bfa400","r_wallDistance"
"00bfa3f4","r_wallPos"
"00bfa3dc","r_wallRight"
"00be8478","r_wallShake"
"00be846c","r_wallTime"
"00c49308","r_weatherEBlendTime"
"00c492f4","r_weatherSBlendTime"
"00be76bc","r_wingIndirect"
